Brewery name,City,State,Alex
Buffalo Brewpub,Buffalo,NY,1/1/2010
Pearl Street,Buffalo,NY,1/1/2010
Captain Lawrence,Elmsford,NY,1/1/2011
Chelsea,Manhattan,NY,1/1/2011
Brooklyn,Brooklyn,NY,8/1/2011
Good Nature,Hamilton,NY,8/1/2011
Birreria,Manhattan,NY,3/29/2012
Woodcock Brothers,Wilson,NY,12/22/2012
Lake Placid,Lake Placid,NY,2/1/2013
Amherst,Amherst,MA,4/5/2013
The People's Pint,Greenfield,MA,4/5/2013
Ommegang,Cooperstown,NY,2/16/2014
BJ's Brewhouse,Orlando,FL,3/17/2014
Sea Dog,Orlando,FL,3/20/2014
Singlecut,Queens,NY,4/12/2014
Rockaway,Queens,NY,4/26/2014
Blue Line,Saranac Lake,NY,5/9/2014
Transmitter,Queens,NY,5/18/2014
Ellicottville,Ellicottville,NY,6/15/2014
Southern Tier,Lakeside,NY,6/15/2014
Barrier,Oceanside,NY,6/21/2014
Elysian,Seattle,WA,7/3/2014
Pike,Seattle,WA,7/3/2014
Fremont,Seattle,WA,7/4/2014
Hilliard's,Seattle,WA,7/5/2014
NW Peaks,Seattle,WA,7/5/2014
Peddler,Seattle,WA,7/5/2014
Populuxe,Seattle,WA,7/5/2014
Reuben's,Seattle,WA,7/5/2014
Stoup,Seattle,WA,7/5/2014
Great Divide,Denver,CO,7/7/2014
Prost,Denver,CO,7/7/2014
River North,Denver,CO,7/7/2014
Denver Beer Co,Denver,CO,7/8/2014
Adirondack Pub,Lake George,NY,7/14/2014
Other Half,Brooklyn,NY,7/18/2014
Heartland,Manhattan,NY,8/3/2014
508 Gastropub,Manhattan,NY,8/15/2014
Gun Hill,Bronx,NY,8/24/2014
3 Stars,DC,DC,8/30/2014
Atlas,DC,DC,8/30/2014
DC Brau,DC,DC,8/30/2014
Denizens,Silver Spring,MD,8/30/2014
Paulaner,Manhattan,NY,10/12/2014
Queen City,Burlington,VT,10/24/2014
Switchback,Burlington,VT,10/24/2014
Zero Gravity,Burlington,VT,10/24/2014
Four Quarters,Winooski,VT,10/25/2014
Lost Nation,Morristown,VT,10/25/2014
Rock Art,Morrisville,VT,10/25/2014
14th Star,St Albans,VT,10/26/2014
Fiddlehead,Burlington,VT,10/26/2014
Magic Hat,Burlington,VT,10/26/2014
Bronx,Bronx,NY,11/15/2014
Second Story,Philadelphia,PA,11/22/2014
Tired Hands,Ardmore,PA,11/22/2014
Flying Bison,Buffalo,NY,11/29/2014
Resurgence,Buffalo,NY,11/29/2014
Northampton,Northampton,MA,12/7/2014
Keg and Lantern,Brooklyn,NY,12/13/2014
Roc,Rochester,NY,12/20/2014
Greenpoint Beer and Ale,Brooklyn,NY,12/31/2014
Cambridge,Boston,MA,1/2/2015
Harpoon,Boston,MA,1/2/2015
Night Shift,Boston,MA,1/3/2015
Broken Bow,Tuckahoe,NY,1/31/2015
Threes,Brooklyn,NY,2/7/2015
McFate,Phoenix,AZ,3/14/2015
OHSO,Phoenix,AZ,3/14/2015
Scottsdale Beer,Phoenix,AZ,3/14/2015
Phoenix Ale,Phoenix,AZ,3/15/2015
Two Brothers,Phoenix,AZ,3/15/2015
Four Peaks,Phoenix,AZ,3/18/2015
Element,Turners Falls,MA,4/4/2015
Flagship,Staten Island,NY,4/12/2015
Courtyard,New Orleans,LA,4/18/2015
Big Alice,Queens,NY,4/26/2015
Right Proper,DC,DC,5/23/2015
Bluejacket,DC,DC,5/25/2015
Whetstone,Brattleboro,VT,5/30/2015
LIC Beer Project,Queens,NY,6/27/2015
Swiftwater,Rochester,NY,7/3/2015
Cricket Hill,Fairfield,NJ,7/18/2015
Magnify,Fairfield,NJ,7/18/2015
Allagash,Portland,ME,7/31/2015
Austin Street,Portland,ME,7/31/2015
Bissell Brothers,Portland,ME,7/31/2015
Foundation,Portland,ME,7/31/2015
Maine,Portland,ME,7/31/2015
Liquid Riot,Portland,ME,8/1/2015
Oxbow,Portland,ME,8/1/2015
Rising Tide,Portland,ME,8/1/2015
Peekskill,Peekskill,NY,8/22/2015
Finback,Queens,NY,8/23/2015
Carton,Atlantic Highlands,NJ,8/29/2015
Kane,Ocean Township,NJ,8/29/2015
Burial,Asheville,NC,9/5/2015
Green Man,Asheville,NC,9/5/2015
Hi-Wire,Asheville,NC,9/5/2015
Twin Leaf,Asheville,NC,9/5/2015
Wicked Weed,Asheville,NC,9/5/2015
Sierra Nevada Asheville,Asheville,NC,9/6/2015
Crazy Mountain,Edwards,CO,9/26/2015
Vail,Vail,CO,9/26/2015
Breckenridge,Breckenridge,CO,9/27/2015
Broken Compass,Breckenridge,CO,9/27/2015
Crooked Stave,Denver,CO,9/28/2015
Jagged Mountain,Denver,CO,9/28/2015
Departed Soles,Jersey City,NJ,11/14/2015
Big Ditch,Buffalo,NY,11/28/2015
Bellwoods,Toronto,Canada,12/19/2015
12 Gates,Williamsville,NY,12/24/2015
New York Beer Project,Lockport,NY,12/27/2015
Strong Rope,Brooklyn,NY,1/3/2016
Kelso,Brooklyn,NY,1/17/2016
Jersey Girl,Hackettstown,NJ,4/23/2016
Periodic,Leadville,CO,4/30/2016
Eddyline,Buena Vista,CO,5/1/2016
Elevation,Poncha Springs,CO,5/1/2016
Fort Collins,Fort Collins,CO,5/2/2016
Funkwerks,Fort Collins,CO,5/2/2016
New Belgium Fort Collins/Asheville,Fort Collins,CO,5/2/2016
Odell,Fort Collins,CO,5/2/2016
Black Shirt,Denver,CO,5/3/2016
Grimm Brothers,Loveland,CO,5/3/2016
Loveland Aleworks,Loveland,CO,5/3/2016
Our Mutual Friend,Denver,CO,5/3/2016
Pub BreWskey,Montreal,Canada,6/25/2016
Dieu du Ciel,Montreal,Canada,6/26/2016
Druthers,Saratoga Springs,NY,6/26/2016
Fonta Flora,Morganton,NC,6/29/2016
Asheville,Asheville,NC,7/2/2016
Wedge,Asheville,NC,7/4/2016
Cloudburst,Seattle,WA,8/12/2016
Lucky Envelope,Seattle,WA,8/13/2016
Outlander,Seattle,WA,8/13/2016
Holy Mountain,Seattle,WA,8/16/2016
Perihelion,Seattle,WA,8/16/2016
KCBC,Brooklyn,NY,9/5/2016
Coney Island,Brooklyn,NY,9/25/2016
Interboro,Brooklyn,NY,10/1/2016
Thin Man,Buffalo,NY,10/9/2016
Aslin,Herndon,VA,10/15/2016
Beltway,Sterling,VA,10/15/2016
Old Ox,Ashburn,VA,10/15/2016
Yards,Philadelphia,PA,10/16/2016
42 North,East Aurora,NY,10/21/2016
Hamburg,Hamburg,NY,10/21/2016
Bone Up,Boston,MA,11/5/2016
Trillium,Canton,MA,11/5/2016
Jack's Abby,Framingham,MA,11/6/2016
Defiant,Pearl River,NY,11/28/2016
Newburgh,Newburgh,NY,2/18/2017
Sloop,Elizaville,NY,2/18/2017
Bridge and Tunnel,Queens,NY,3/11/2017
Barn,San Diego,CA,3/18/2017
Mike Hess,San Diego,CA,3/18/2017
Modern Times,San Diego,CA,3/18/2017
North Park,San Diego,CA,3/18/2017
Half Door,San Diego,CA,3/19/2017
Resident,San Diego,CA,3/19/2017
Arizona Wilderness,Phoenix,AZ,3/21/2017
Beer Research Institute,Phoenix,AZ,3/21/2017
Peoria Artisan,Phoenix,AZ,3/22/2017
8-Bit,Phoenix,AZ,3/23/2017
Helio Basin,Phoenix,AZ,3/24/2017
Wren House,Phoenix,AZ,3/24/2017
Folksbier,Brooklyn,NY,4/23/2017
Lineup,Brooklyn,NY,4/29/2017
Wartega,Brooklyn,NY,4/29/2017
Cellarmaker,San Francisco,CA,5/26/2017
Southern Pacific,San Francisco,CA,5/26/2017
Fieldwork,Berkeley,CA,5/27/2017
Rare Barrel,Berkeley,CA,5/27/2017
RiverWorks,Buffalo,NY,6/11/2017
The Brewer's Art,Baltimore,MD,7/22/2017
Port Jeff,Port Jefferson,NY,8/6/2017
Circa,Brooklyn,NY,8/11/2017
Dark City,Asbury Park,NJ,8/12/2017
Five boroughs,Brooklyn,NY,8/26/2017
Mountain Toad,Golden,CO,8/27/2017
New Image,Arvada,CO,8/27/2017
Fiction,Denver,CO,8/28/2017
Station 26,Denver,CO,8/28/2017
Platform,Columbus,OH,9/6/2017
4 Noses,Broomfield,CO,9/9/2017
Hideaway Park,Winter Park,CO,9/15/2017
Casey,Glenwood,CO,9/21/2017
New Terrain,Golden,CO,9/22/2017
Avery,Boulder,CO,9/24/2017
Bierstadt Lagerhaus,Denver,CO,9/24/2017
Liquid Mechanics,Lafayette,CO,9/24/2017
Ratio,Denver,CO,9/24/2017
Wynkoop,Denver,CO,9/27/2017
Bruz,Denver,CO,10/1/2017
14er,Denver,CO,10/7/2017
Hogshead,Denver,CO,10/7/2017
Joyride,Denver,CO,10/7/2017
10 Barrel,Denver,CO,10/13/2017
Grandma's House,Denver,CO,10/15/2017
Westfax,Lakewood,CO,10/18/2017
Outer Range,Frisco,CO,10/20/2017
Bakers Brewery,Silverthorne,CO,10/22/2017
Cerebral,Denver,CO,10/27/2017
Upslope,Boulder,CO,10/27/2017
White Labs,Boulder,CO,10/27/2017
Call to Arms,Denver,CO,10/27/2017
Coors,Golden,CO,10/29/2017
Little Machine,Denver,CO,11/3/2017
Black Project,Denver,CO,11/4/2017
Mockery,Denver,CO,11/4/2017
Twisted Pine,Boulder,CO,11/18/2017
Baere,Denver,CO,12/2/2017
Epic,Denver,CO,12/10/2017
Odyssey Beerworks,Arvada,CO,12/14/2017
Dillon Dam,Dillon,CO,12/16/2017
Odd13,Lafayette,CO,12/17/2017
Czig Meister,Hackettstown,NJ,12/29/2017
Man Skirt,Hackettstown,NJ,12/29/2017
Westbound & Down,Idaho Springs,CO,1/14/2018
Vision Quest,Boulder,CO,1/15/2018
West Flanders,Boulder,CO,1/15/2018
Trve,Denver,CO,1/28/2018
Zuni Street,Denver,CO,2/2/2018
Bonfire,Eagle,CO,2/3/2018
Fermaentra,Denver,CO,2/11/2018
Strange,Denver,CO,2/16/2018
Copper Kettle,Denver,CO,2/25/2018
Intrepid Sojourner,Denver,CO,3/1/2018
Smith and Lentz,Nashville,TN,3/2/2018
Yazoo,Nashville,TN,3/3/2018
Bearded Iris,Nashville,TN,3/4/2018
Huss,Phoenix,AZ,3/9/2018
Helton,Phoenix,AZ,3/10/2018
Dry Dock,Denver,CO,3/14/2018
Alternation,Denver,CO,3/17/2018
Goldspot,Denver,CO,3/17/2018
Jessup Farm Barrel House,Fort Collins,CO,3/19/2018
Weldwerks,Greeley,CO,3/19/2018
Spangalang,Denver,CO,4/19/2018
Golden City,Golden,CO,4/27/2018
Cerveceria Colorado,Denver,CO,5/5/2018
Lumpy Ridge,Estes Park,CO,5/11/2018
Declaration,Denver,CO,5/12/2018
Barrels and Bottles,Golden,CO,5/16/2018
Russian River,Santa Rosa,CA,5/18/2018
Comrade,Denver,CO,6/5/2018
Piece Brewing,Chicago,IL,6/8/2018
Maplewood,Chicago,IL,6/8/2018
Band of Bohemia,Chicago,IL,6/9/2018
Half Acre,Chicago,IL,6/9/2018
Marz Community Beer,Chicago,IL,6/10/2018
Off Color,Chicago,IL,6/10/2018
Pressure Drop,Buffalo,NY,6/15/2018
Angry James,Silverthorne,CO,7/2/2018
Frolic,Westminster,CO,7/10/2018
Novel Strand,Denver,CO,8/10/2018
Banded Oak,Denver,CO,8/10/2018
Hay Camp,Rapid City,SD,8/18/2018
Lost Cabin,Rapid City,SD,8/18/2018
Freedom’s Edge,Cheyenne,WY,8/19/2018
Blue Moon,Denver,CO,8/20/2018
Spice Trade,Arvada,CO,8/22/2018
Cannonball Creek,Golden,CO,8/23/2018
Alpine Dog,Denver,CO,8/27/2018
Ursula,Aurora,CO,9/1/2018
Lamplighter,Cambridge,MA,9/4/2018
Sam Adams,Boston,MA,9/5/2018
Grimm,Brooklyn,NY,9/7/2018
Launch Pad,Aurora,CO,9/19/2018
Oasis,Denver,CO,9/28/2018
Blind Faith/DeSteeg,Denver,CO,10/3/2018
Pueblo Vida,Tucson,AZ,10/12/2018
Borderlands,Tucson,AZ,10/12/2018
1912,Tucson,AZ,10/12/2018
The Perch,Chandler,AZ,10/12/2018
Cerberus,Colorado Springs,CO,10/20/2018
Metric,Colorado Springs,CO,10/20/2018
Goat Patch,Colorado Springs,CO,10/20/2018
Something,Brighton,CO,11/4/2018
Big Choice,Brighton,CO,11/4/2018
Left Hand,Longmont,CO,11/7/2018
Horse and Dragon,Fort Collins,CO,11/11/2018
Coopersmiths,Fort Collins,CO,11/11/2018
Purpose,Fort Collins,CO,11/11/2018
Second Street,Santa Fe,NM,11/23/2018
Santa Fe,Santa Fe,NM,11/23/2018
Boxing Bear,Albuquerque,NM,11/24/2018
Bosque,Albuquerque,NM,11/24/2018
Bow and Arrow,Albuquerque,NM,11/24/2018
Rowley Farmhouse Ales,Santa Fe,NM,11/25/2018
Kokopelli,Westminster,CO,11/27/2018
Someplace Else,Arvada,CO,11/30/2018
Brewery Rickoli,Wheat Ridge,CO,12/2/2018
Diebolt,Denver,CO,12/2/2018
Factotum / Lady Justice,Denver,CO,12/2/2018
Seedstock,Denver,CO,12/2/2018
Long Table,Denver,CO,12/7/2018
Fifth Hammer,Queens,NY,12/12/2018
Community Beer Works,Buffalo,NY,12/15/2018
Icarus,Lakewood,NJ,12/29/2018
Heavy Reel,Seaside Heights,NJ,12/30/2018
Very Nice,Nederland,CO,1/5/2019
Rails End,Broomfield,CO,1/20/2019
Woods Boss,Denver,CO,2/1/2019
Renegade,Denver,CO,2/2/2019
Richter Aleworks,Peoria,AZ,2/25/2019
Mother Bunch,Phoenix,AZ,2/25/2019
Broxton,Los Angeles,CA,3/1/2019
Firestone Walker,Los Angeles,CA,3/1/2019
Zion Brewery,Springdale,UT,3/25/2019
Fisher,Salt Lake City,UT,3/27/2019
Kiitos,Salt Lake City,UT,3/27/2019
Hopkins,Salt Lake City,UT,3/27/2019
Shades,Salt Lake City,UT,3/28/2019
Grossen Bart,Longmont,CO,4/7/2019
Cellar West,Lafayette,CO,4/7/2019
Paradox,Divide,CO,4/14/2019
Black Sky,Denver,CO,4/17/2019
Flyte,Denver,CO,4/19/2019
Empourium,Denver,CO,4/19/2019
The Grateful Gnome,Denver,CO,4/19/2019
Denver Chophouse & Brewery,Denver,CO,5/3/2019
Briar Common,Denver,CO,5/10/2019
Coda,Golden,CO,5/23/2019
Green Mountain,Lakewood,CO,5/24/2019
Sanitas,Boulder,CO,5/25/2019
Hudson Valley,Beacon,NY,5/31/2019
Iconyc,Queens,NY,6/2/2019
Over Yonder,Golden,CO,6/7/2019
Endo,Louisville,CO,6/9/2019
Aspen,Aspen,CO,6/15/2019
Fraser River,Fraser,CO,6/29/2019
Camber,Fraser,CO,6/29/2019
Platt Park,Denver,CO,7/2/2019
Wiley Roots,Greeley,CO,7/4/2019
Ohm,Golden,CO,7/11/2019
Storm Peak,Steamboat Springs,CO,7/13/2019
Butcherknife,Steamboat Springs,CO,7/13/2019
Masthead,Cleveland,OH,7/26/2019
Great Lakes,Cleveland,OH,7/27/2019
Forest City,Cleveland,OH,7/27/2019
Sato,Buffalo,NY,7/30/2019
Steelbound,Ellicottville,NY,8/1/2019
Spring House,Lancaster,PA,8/6/2019
Mikkeller,Queens,NY,8/21/2019
Bristol,Colorado Springs,CO,9/1/2019
Living the Dream,Littleton,CO,9/8/2019
Grist,Highlands Ranch,CO,9/8/2019
Eldo,Created Butte,CO,9/21/2019
Gunbarrel,Boulder,CO,10/4/2019
Beyond the Mountain,Boulder,CO,10/4/2019
Evil Twin,Queens,NY,10/14/2019
Queens Brewery,Queens,NY,10/14/2019
High Alpine,Gunnison,CO,11/1/2019
Triumph,Red Bank,NJ,11/25/2019
Fort Nonsense,Denville,NJ,11/29/2019
Four City,Orange,NJ,11/30/2019
Tivoli,Denver,CO,12/12/2019
Black Forest,Colorado Springs,CO,12/14/2019
In the Mix,Barker,NY,12/26/2019
Live Edge,Burt,NY,12/26/2019
Prosper,North Tonawanda,NY,12/26/2019
Bandit,Toronto,Canada,12/27/2019
Halo,Toronto,Canada,12/27/2019
Pure Project,San Diego,CA,1/18/2020
AleSmith,San Diego,CA,1/18/2020
Longship,San Diego,CA,1/18/2020
Pariah,San Diego,CA,1/19/2020
Ballast Point,San Diego,CA,1/19/2020
Stone,San Diego,CA,1/20/2020
Blue Spruce,Littleton,CO,2/1/2020
Chain Reaction,Denver,CO,2/1/2020
Burns Family Artisan Ales,Denver,CO,2/1/2020
Finkel and Garf,Boulder,CO,2/7/2020
Crystal Springs,Louisville,CO,2/7/2020
Counter Culture,Denver,CO,2/8/2020
ABGB,Austin,TX,2/14/2020
Zilker,Austin,TX,2/14/2020
Lazarus,Austin,TX,2/14/2020
Central District,Austin,TX,2/15/2020
Family Business,Dripping Springs,TX,2/16/2020
Jester King,Austin,TX,2/16/2020
Good River,Denver,CO,2/29/2020
Front Pourch,Phoenix,AZ,3/14/2020
Raices,Denver,CO,8/7/2020
Cheluna,Denver,CO,11/14/2020
Monumental,Grand Junction,CO,12/28/2020
Kannah Creek,Grand Junction,CO,12/28/2020
Ramblebine,Grand Junction,CO,12/28/2020
Barquentine,Edgewater,CO,3/20/2021
Greenwood,Phoenix,AZ,5/21/2021
Intersect,Fort Collins,CO,5/28/2021
Timnath,Timnath,CO,5/28/2021
Luki,Arvada,CO,5/29/2021
6&40,Lakewood,CO,6/7/2021
Old 121,Lakewood,CO,6/7/2021
Colorado Plus,Wheat Ridge,CO,6/7/2021
Dangerous Man,Minneapolis,MN,6/12/2021
Bauhaus,Minneapolis,MN,6/12/2021
Fair State,Minneapolis,MN,6/12/2021
Fulton,Minneapolis,MN,6/13/2021
Modist,Minneapolis,MN,6/13/2021
Pryes,Minneapolis,MN,6/13/2021
Dancing Gnome,Pittsburgh,PA,6/27/2021
The Church Brew Works,Pittsburgh,PA,6/27/2021
Eleventh Hour,Pittsburgh,PA,6/27/2021
Cinderlands,Pittsburgh,PA,6/27/2021
Lone Pine,Portland,ME,7/17/2021
Human Robot,Philadelphia,PA,8/14/2021
Turtle Swamp,Jamaica Plain,MA,9/3/2021
Mighty River,Windsor,CO,9/18/2021
Mother Tucker,Thornton,CO,10/23/2021
Peculier Ales,Windsor,CO,11/14/2021
Satire,Thornton,CO,11/19/2021
Pedal Haus,Phoenix,AZ,11/24/2021
Jughandle,Tinton Falls,NJ,12/22/2021
Two Mile,Leadville,CO,1/15/2022
Little Dry Creek,Greenwood Village,CO,2/12/2022
Cohesion,Denver,CO,2/12/2022
Smash face,Denver,CO,2/19/2022
Uhl,Boulder,CO,3/6/2022
Resolute,Arvada,CO,3/6/2022
Wolf and Warrior,White Plains,NY,3/19/2022
Drowned Lands,Warwick,NY,3/20/2022
Comet Brews,Littleton,CO,4/16/2022
Notch,Brighton,MA,5/12/2022
Bull and Bush,Glendale,CO,5/21/2022
Wah Gwaan,Denver,CO,6/18/2022
Britesmith,Williamsville,NY,7/16/2022
Ska,Durango,CO,8/5/2022
Cabin Creek,Georgetown,CO,8/13/2022
Mountain Cowboy,Frederick,CO,9/3/2022
Mirror Image,Firestone,CO,9/3/2022
Able Baker,Las Vegas,NV,9/10/2022
Sixpoint,Brooklyn,NY,10/28/2022
Wild East,Brooklyn,NY,10/28/2022
Kettle and Spoke,Boulder,CO,11/12/2022
Roses by the Stairs,Phoenix,AZ,12/22/2022
Surly,Minneapolis,MN,1/14/2023
Holidaily,Golden,CO,2/12/2023
Second dawn,Denver,CO,3/25/2023
Public Offering,Denver,CO,4/23/2023
Bolero Snort,Carlstadt,NJ,5/6/2023
Dos Luces,Denver,CO,6/7/2023
Locavore,Littleton,CO,7/3/2023
Jade Mountain,Aurora,CO,8/27/2023
Reverence,Denver,CO,9/24/2023
Knotted Root,Nederland,CO,12/30/2023
Rocks and Hops,Boulder,CO,12/30/2023
Monolith,Denver,CO,1/20/2024
Canmore,Canmore,Canada,2/9/2024
Two Pillars,Calgary,Canada,2/11/2024
Tin Barn,Chester,NY,3/23/2024
The Post,Lafayette,CO,4/21/2024
300 Suns,Longmont,CO,6/7/2024
Great Frontier,Lakewood,CO,6/22/2024
Trails End,Coeur d'Alene,ID,7/13/2024
Tres Litros,Saliva,CO,8/2/2024
Wanderment,Denver,CO,8/25/2024
Mighty Squirrel,Boston,MA,10/4/2024
Lookout Farms,Newton,MA,10/5/2024
Montclair,Montclair,NJ,12/28/2024
Wild Air,Asbury Park,NJ,12/30/2024
Milieu,Aurora,CO,2/8/2025
Danico,Aurora,CO,3/16/2025
Figurehead,Seattle,WA,3/27/2025
Talea,New York,NY,4/29/2025
Torch and Crown,New York,NY,4/30/2025
Side Project,Maplewood,MO,6/5/2025
2nd Shift,St Louis,MO,6/6/2025
